species,acid,cost_type,cost,usage
bayanus,val,akashi,23.3,0.0574352496559657
bayanus,val,sul-rel,0.0,0.0574352496559657
bayanus,val,weight,117.2,0.0574352496559657
bayanus,val,glu-abs,0.957186667,0.0574352496559657
bayanus,val,sul-abs,0.0,0.0574352496559657
bayanus,val,amm-rel,0.264669333,0.0574352496559657
bayanus,val,glu-rel,0.253271667,0.0574352496559657
bayanus,val,amm-abs,1.0,0.0574352496559657
bayanus,lys,akashi,30.3,0.0698023428567516
bayanus,lys,sul-rel,0.0,0.0698023428567516
bayanus,lys,weight,146.2,0.0698023428567516
bayanus,lys,glu-abs,1.314213333,0.0698023428567516
bayanus,lys,sul-abs,0.0,0.0698023428567516
bayanus,lys,amm-rel,0.5724,0.0698023428567516
bayanus,lys,glu-rel,0.376126667,0.0698023428567516
bayanus,lys,amm-abs,2.0,0.0698023428567516
bayanus,trp,akashi,74.3,0.0107615996056442
bayanus,trp,sul-rel,0.0,0.0107615996056442
bayanus,trp,weight,204.2,0.0107615996056442
bayanus,trp,glu-abs,2.392936667,0.0107615996056442
bayanus,trp,sul-abs,0.0,0.0107615996056442
bayanus,trp,amm-rel,0.0568,0.0107615996056442
bayanus,trp,glu-rel,0.067959333,0.0107615996056442
bayanus,trp,amm-abs,2.0,0.0107615996056442
bayanus,leu,akashi,27.3,0.097016657423953
bayanus,leu,sul-rel,0.0,0.097016657423953
bayanus,leu,weight,131.2,0.097016657423953
bayanus,leu,glu-abs,1.207193333,0.097016657423953
bayanus,leu,sul-abs,0.0,0.097016657423953
bayanus,leu,amm-rel,0.296398667,0.097016657423953
bayanus,leu,glu-rel,0.357813333,0.097016657423953
bayanus,leu,amm-abs,1.0,0.097016657423953
bayanus,ala,akashi,11.7,0.0566992557903889
bayanus,ala,sul-rel,0.0,0.0566992557903889
bayanus,ala,weight,89.1,0.0566992557903889
bayanus,ala,glu-abs,0.5,0.0566992557903889
bayanus,ala,sul-abs,0.0,0.0566992557903889
bayanus,ala,amm-rel,0.4588,0.0566992557903889
bayanus,ala,glu-rel,0.229400333,0.0566992557903889
bayanus,ala,amm-abs,1.0,0.0566992557903889
bayanus,met,akashi,34.3,0.0217350969800289
bayanus,met,sul-rel,0.0507,0.0217350969800289
bayanus,met,weight,149.2,0.0217350969800289
bayanus,met,glu-abs,1.25002,0.0217350969800289
bayanus,met,sul-abs,1.0,0.0217350969800289
bayanus,met,amm-rel,0.050702667,0.0217350969800289
bayanus,met,glu-rel,0.063376,0.0217350969800289
bayanus,met,amm-abs,1.0,0.0217350969800289
bayanus,asn,akashi,14.7,0.0581106523986554
bayanus,asn,sul-rel,0.0,0.0581106523986554
bayanus,asn,weight,132.1,0.0581106523986554
bayanus,asn,glu-abs,0.785703333,0.0581106523986554
bayanus,asn,sul-abs,0.0,0.0581106523986554
bayanus,asn,amm-rel,0.203331333,0.0581106523986554
bayanus,asn,glu-rel,0.079906333,0.0581106523986554
bayanus,asn,amm-abs,2.0,0.0581106523986554
bayanus,cys,akashi,24.7,0.0143333949514244
bayanus,cys,sul-rel,0.006599967,0.0143333949514244
bayanus,cys,weight,121.2,0.0143333949514244
bayanus,cys,glu-abs,0.749223333,0.0143333949514244
bayanus,cys,sul-abs,1.0,0.0143333949514244
bayanus,cys,amm-rel,0.0066015,0.0143333949514244
bayanus,cys,glu-rel,0.004944867,0.0143333949514244
bayanus,cys,amm-abs,1.0,0.0143333949514244
bayanus,tyr,akashi,50.0,0.0326168518632626
bayanus,tyr,sul-rel,0.0,0.0326168518632626
bayanus,tyr,weight,181.2,0.0326168518632626
bayanus,tyr,glu-abs,1.773826667,0.0326168518632626
bayanus,tyr,sul-abs,0.0,0.0326168518632626
bayanus,tyr,amm-rel,0.102003333,0.0326168518632626
bayanus,tyr,glu-rel,0.180930333,0.0326168518632626
bayanus,tyr,amm-abs,1.0,0.0326168518632626
bayanus,asp,akashi,12.7,0.0576009338564025
bayanus,asp,sul-rel,0.0,0.0576009338564025
bayanus,asp,weight,133.1,0.0576009338564025
bayanus,asp,glu-abs,0.614283333,0.0576009338564025
bayanus,asp,sul-abs,0.0,0.0576009338564025
bayanus,asp,amm-rel,0.297499,0.0576009338564025
bayanus,asp,glu-rel,0.182749,0.0576009338564025
bayanus,asp,amm-abs,1.0,0.0576009338564025
bayanus,pro,akashi,20.3,0.0444136353989087
bayanus,pro,sul-rel,0.0,0.0444136353989087
bayanus,pro,weight,115.1,0.0444136353989087
bayanus,pro,glu-abs,0.994126667,0.0444136353989087
bayanus,pro,sul-abs,0.0,0.0444136353989087
bayanus,pro,amm-rel,0.164700333,0.0444136353989087
bayanus,pro,glu-rel,0.163732667,0.0444136353989087
bayanus,pro,amm-abs,1.0,0.0444136353989087
bayanus,glu,akashi,15.3,0.0628901623294377
bayanus,glu,sul-rel,0.0,0.0628901623294377
bayanus,glu,weight,147.1,0.0628901623294377
bayanus,glu,glu-abs,0.864303333,0.0628901623294377
bayanus,glu,sul-abs,0.0,0.0628901623294377
bayanus,glu,amm-rel,0.3018,0.0628901623294377
bayanus,glu,glu-rel,0.260846667,0.0628901623294377
bayanus,glu,amm-abs,1.0,0.0628901623294377
bayanus,gln,akashi,16.3,0.0392757135717269
bayanus,gln,sul-rel,0.0,0.0392757135717269
bayanus,gln,weight,146.2,0.0392757135717269
bayanus,gln,glu-abs,0.921453333,0.0392757135717269
bayanus,gln,sul-abs,0.0,0.0392757135717269
bayanus,gln,amm-rel,0.210799333,0.0392757135717269
bayanus,gln,glu-rel,0.097121333,0.0392757135717269
bayanus,gln,amm-abs,2.0,0.0392757135717269
bayanus,phe,akashi,52.0,0.045936286893832
bayanus,phe,sul-rel,0.0,0.045936286893832
bayanus,phe,weight,165.2,0.045936286893832
bayanus,phe,glu-abs,1.838066667,0.045936286893832
bayanus,phe,sul-abs,0.0,0.045936286893832
bayanus,phe,amm-rel,0.133903333,0.045936286893832
bayanus,phe,glu-rel,0.246117333,0.045936286893832
bayanus,phe,amm-abs,1.0,0.045936286893832
bayanus,arg,akashi,27.3,0.046028029384983
bayanus,arg,sul-rel,0.0,0.046028029384983
bayanus,arg,weight,174.2,0.046028029384983
bayanus,arg,glu-abs,1.392533333,0.046028029384983
bayanus,arg,sul-abs,0.0,0.046028029384983
bayanus,arg,amm-rel,0.6428,0.046028029384983
bayanus,arg,glu-rel,0.223780333,0.046028029384983
bayanus,arg,amm-abs,4.0,0.046028029384983
bayanus,gly,akashi,11.7,0.0510365532209145
bayanus,gly,sul-rel,0.0,0.0510365532209145
bayanus,gly,weight,75.1,0.0510365532209145
bayanus,gly,glu-abs,0.307143667,0.0510365532209145
bayanus,gly,sul-abs,0.0,0.0510365532209145
bayanus,gly,amm-rel,0.2904,0.0510365532209145
bayanus,gly,glu-rel,0.089194333,0.0510365532209145
bayanus,gly,amm-abs,1.0,0.0510365532209145
bayanus,his,akashi,38.3,0.0220123783898508
bayanus,his,sul-rel,0.0,0.0220123783898508
bayanus,his,weight,155.2,0.0220123783898508
bayanus,his,glu-abs,1.46183,0.0220123783898508
bayanus,his,sul-abs,0.0,0.0220123783898508
bayanus,his,amm-rel,0.198888667,0.0220123783898508
bayanus,his,glu-rel,0.096919333,0.0220123783898508
bayanus,his,amm-abs,3.0,0.0220123783898508
bayanus,ser,akashi,11.7,0.090633707834398
bayanus,ser,sul-rel,0.0,0.090633707834398
bayanus,ser,weight,105.1,0.090633707834398
bayanus,ser,glu-abs,0.492863333,0.090633707834398
bayanus,ser,sul-abs,0.0,0.090633707834398
bayanus,ser,amm-rel,0.185400667,0.090633707834398
bayanus,ser,glu-rel,0.091376667,0.090633707834398
bayanus,ser,amm-abs,1.0,0.090633707834398
bayanus,ile,akashi,32.3,0.0631280766255195
bayanus,ile,sul-rel,0.0,0.0631280766255195
bayanus,ile,weight,131.2,0.0631280766255195
bayanus,ile,glu-abs,1.207136667,0.0631280766255195
bayanus,ile,sul-abs,0.0,0.0631280766255195
bayanus,ile,amm-rel,0.192701667,0.0631280766255195
bayanus,ile,glu-rel,0.232615,0.0631280766255195
bayanus,ile,amm-abs,1.0,0.0631280766255195
bayanus,thr,akashi,18.7,0.0585334209679517
bayanus,thr,sul-rel,0.0,0.0585334209679517
bayanus,thr,weight,119.1,0.0585334209679517
bayanus,thr,glu-abs,0.685786667,0.0585334209679517
bayanus,thr,sul-abs,0.0,0.0585334209679517
bayanus,thr,amm-rel,0.191402,0.0585334209679517
bayanus,thr,glu-rel,0.13126,0.0585334209679517
bayanus,thr,amm-abs,1.0,0.0585334209679517
castellii,val,akashi,23.3,0.0547028924888734
castellii,val,sul-rel,0.0,0.0547028924888734
castellii,val,weight,117.2,0.0547028924888734
castellii,val,glu-abs,0.957186667,0.0547028924888734
castellii,val,sul-abs,0.0,0.0547028924888734
castellii,val,amm-rel,0.264669333,0.0547028924888734
castellii,val,glu-rel,0.253271667,0.0547028924888734
castellii,val,amm-abs,1.0,0.0547028924888734
castellii,lys,akashi,30.3,0.0736013796823227
castellii,lys,sul-rel,0.0,0.0736013796823227
castellii,lys,weight,146.2,0.0736013796823227
castellii,lys,glu-abs,1.314213333,0.0736013796823227
castellii,lys,sul-abs,0.0,0.0736013796823227
castellii,lys,amm-rel,0.5724,0.0736013796823227
castellii,lys,glu-rel,0.376126667,0.0736013796823227
castellii,lys,amm-abs,2.0,0.0736013796823227
castellii,leu,akashi,27.3,0.0966348771735751
castellii,leu,sul-rel,0.0,0.0966348771735751
castellii,leu,weight,131.2,0.0966348771735751
castellii,leu,glu-abs,1.207193333,0.0966348771735751
castellii,leu,sul-abs,0.0,0.0966348771735751
castellii,leu,amm-rel,0.296398667,0.0966348771735751
castellii,leu,glu-rel,0.357813333,0.0966348771735751
castellii,leu,amm-abs,1.0,0.0966348771735751
castellii,ala,akashi,11.7,0.052283037568516
castellii,ala,sul-rel,0.0,0.052283037568516
castellii,ala,weight,89.1,0.052283037568516
castellii,ala,glu-abs,0.5,0.052283037568516
castellii,ala,sul-abs,0.0,0.052283037568516
castellii,ala,amm-rel,0.4588,0.052283037568516
castellii,ala,glu-rel,0.229400333,0.052283037568516
castellii,ala,amm-abs,1.0,0.052283037568516
castellii,trp,akashi,74.3,0.010218358088714
castellii,trp,sul-rel,0.0,0.010218358088714
castellii,trp,weight,204.2,0.010218358088714
castellii,trp,glu-abs,2.392936667,0.010218358088714
castellii,trp,sul-abs,0.0,0.010218358088714
castellii,trp,amm-rel,0.0568,0.010218358088714
castellii,trp,glu-rel,0.067959333,0.010218358088714
castellii,trp,amm-abs,2.0,0.010218358088714
castellii,met,akashi,34.3,0.0217426219117326
castellii,met,sul-rel,0.0507,0.0217426219117326
castellii,met,weight,149.2,0.0217426219117326
castellii,met,glu-abs,1.25002,0.0217426219117326
castellii,met,sul-abs,1.0,0.0217426219117326
castellii,met,amm-rel,0.050702667,0.0217426219117326
castellii,met,glu-rel,0.063376,0.0217426219117326
castellii,met,amm-abs,1.0,0.0217426219117326
castellii,asn,akashi,14.7,0.0628045753508897
castellii,asn,sul-rel,0.0,0.0628045753508897
castellii,asn,weight,132.1,0.0628045753508897
castellii,asn,glu-abs,0.785703333,0.0628045753508897
castellii,asn,sul-abs,0.0,0.0628045753508897
castellii,asn,amm-rel,0.203331333,0.0628045753508897
castellii,asn,glu-rel,0.079906333,0.0628045753508897
castellii,asn,amm-abs,2.0,0.0628045753508897
castellii,tyr,akashi,50.0,0.0327550016060794
castellii,tyr,sul-rel,0.0,0.0327550016060794
castellii,tyr,weight,181.2,0.0327550016060794
castellii,tyr,glu-abs,1.773826667,0.0327550016060794
castellii,tyr,sul-abs,0.0,0.0327550016060794
castellii,tyr,amm-rel,0.102003333,0.0327550016060794
castellii,tyr,glu-rel,0.180930333,0.0327550016060794
castellii,tyr,amm-abs,1.0,0.0327550016060794
castellii,cys,akashi,24.7,0.0115371468128342
castellii,cys,sul-rel,0.006599967,0.0115371468128342
castellii,cys,weight,121.2,0.0115371468128342
castellii,cys,glu-abs,0.749223333,0.0115371468128342
castellii,cys,sul-abs,1.0,0.0115371468128342
castellii,cys,amm-rel,0.0066015,0.0115371468128342
castellii,cys,glu-rel,0.004944867,0.0115371468128342
castellii,cys,amm-abs,1.0,0.0115371468128342
castellii,asp,akashi,12.7,0.0601000063556083
castellii,asp,sul-rel,0.0,0.0601000063556083
castellii,asp,weight,133.1,0.0601000063556083
castellii,asp,glu-abs,0.614283333,0.0601000063556083
castellii,asp,sul-abs,0.0,0.0601000063556083
castellii,asp,amm-rel,0.297499,0.0601000063556083
castellii,asp,glu-rel,0.182749,0.0601000063556083
castellii,asp,amm-abs,1.0,0.0601000063556083
castellii,glu,akashi,15.3,0.0676782103981187
castellii,glu,sul-rel,0.0,0.0676782103981187
castellii,glu,weight,147.1,0.0676782103981187
castellii,glu,glu-abs,0.864303333,0.0676782103981187
castellii,glu,sul-abs,0.0,0.0676782103981187
castellii,glu,amm-rel,0.3018,0.0676782103981187
castellii,glu,glu-rel,0.260846667,0.0676782103981187
castellii,glu,amm-abs,1.0,0.0676782103981187
castellii,pro,akashi,20.3,0.0442749710991595
castellii,pro,sul-rel,0.0,0.0442749710991595
castellii,pro,weight,115.1,0.0442749710991595
castellii,pro,glu-abs,0.994126667,0.0442749710991595
castellii,pro,sul-abs,0.0,0.0442749710991595
castellii,pro,amm-rel,0.164700333,0.0442749710991595
castellii,pro,glu-rel,0.163732667,0.0442749710991595
castellii,pro,amm-abs,1.0,0.0442749710991595
castellii,phe,akashi,52.0,0.043567265525291
castellii,phe,sul-rel,0.0,0.043567265525291
castellii,phe,weight,165.2,0.043567265525291
castellii,phe,glu-abs,1.838066667,0.043567265525291
castellii,phe,sul-abs,0.0,0.043567265525291
castellii,phe,amm-rel,0.133903333,0.043567265525291
castellii,phe,glu-rel,0.246117333,0.043567265525291
castellii,phe,amm-abs,1.0,0.043567265525291
castellii,gln,akashi,16.3,0.0403632659581595
castellii,gln,sul-rel,0.0,0.0403632659581595
castellii,gln,weight,146.2,0.0403632659581595
castellii,gln,glu-abs,0.921453333,0.0403632659581595
castellii,gln,sul-abs,0.0,0.0403632659581595
castellii,gln,amm-rel,0.210799333,0.0403632659581595
castellii,gln,glu-rel,0.097121333,0.0403632659581595
castellii,gln,amm-abs,2.0,0.0403632659581595
castellii,arg,akashi,27.3,0.0429153862406233
castellii,arg,sul-rel,0.0,0.0429153862406233
castellii,arg,weight,174.2,0.0429153862406233
castellii,arg,glu-abs,1.392533333,0.0429153862406233
castellii,arg,sul-abs,0.0,0.0429153862406233
castellii,arg,amm-rel,0.6428,0.0429153862406233
castellii,arg,glu-rel,0.223780333,0.0429153862406233
castellii,arg,amm-abs,4.0,0.0429153862406233
castellii,gly,akashi,11.7,0.0486994192348191
castellii,gly,sul-rel,0.0,0.0486994192348191
castellii,gly,weight,75.1,0.0486994192348191
castellii,gly,glu-abs,0.307143667,0.0486994192348191
castellii,gly,sul-abs,0.0,0.0486994192348191
castellii,gly,amm-rel,0.2904,0.0486994192348191
castellii,gly,glu-rel,0.089194333,0.0486994192348191
castellii,gly,amm-abs,1.0,0.0486994192348191
castellii,ser,akashi,11.7,0.0857693635631258
castellii,ser,sul-rel,0.0,0.0857693635631258
castellii,ser,weight,105.1,0.0857693635631258
castellii,ser,glu-abs,0.492863333,0.0857693635631258
castellii,ser,sul-abs,0.0,0.0857693635631258
castellii,ser,amm-rel,0.185400667,0.0857693635631258
castellii,ser,glu-rel,0.091376667,0.0857693635631258
castellii,ser,amm-abs,1.0,0.0857693635631258
castellii,his,akashi,38.3,0.0208798910270835
castellii,his,sul-rel,0.0,0.0208798910270835
castellii,his,weight,155.2,0.0208798910270835
castellii,his,glu-abs,1.46183,0.0208798910270835
castellii,his,sul-abs,0.0,0.0208798910270835
castellii,his,amm-rel,0.198888667,0.0208798910270835
castellii,his,glu-rel,0.096919333,0.0208798910270835
castellii,his,amm-abs,3.0,0.0208798910270835
castellii,ile,akashi,32.3,0.067613366016047
castellii,ile,sul-rel,0.0,0.067613366016047
castellii,ile,weight,131.2,0.067613366016047
castellii,ile,glu-abs,1.207136667,0.067613366016047
castellii,ile,sul-abs,0.0,0.067613366016047
castellii,ile,amm-rel,0.192701667,0.067613366016047
castellii,ile,glu-rel,0.232615,0.067613366016047
castellii,ile,amm-abs,1.0,0.067613366016047
castellii,thr,akashi,18.7,0.0618589638984271
castellii,thr,sul-rel,0.0,0.0618589638984271
castellii,thr,weight,119.1,0.0618589638984271
castellii,thr,glu-abs,0.685786667,0.0618589638984271
castellii,thr,sul-abs,0.0,0.0618589638984271
castellii,thr,amm-rel,0.191402,0.0618589638984271
castellii,thr,glu-rel,0.13126,0.0618589638984271
castellii,thr,amm-abs,1.0,0.0618589638984271
cerevisiae,val,akashi,23.3,0.0556025177851584
cerevisiae,val,sul-rel,0.0,0.0556025177851584
cerevisiae,val,weight,117.2,0.0556025177851584
cerevisiae,val,glu-abs,0.957186667,0.0556025177851584
cerevisiae,val,sul-abs,0.0,0.0556025177851584
cerevisiae,val,amm-rel,0.264669333,0.0556025177851584
cerevisiae,val,glu-rel,0.253271667,0.0556025177851584
cerevisiae,val,amm-abs,1.0,0.0556025177851584
cerevisiae,lys,akashi,30.3,0.0734770091784963
cerevisiae,lys,sul-rel,0.0,0.0734770091784963
cerevisiae,lys,weight,146.2,0.0734770091784963
cerevisiae,lys,glu-abs,1.314213333,0.0734770091784963
cerevisiae,lys,sul-abs,0.0,0.0734770091784963
cerevisiae,lys,amm-rel,0.5724,0.0734770091784963
cerevisiae,lys,glu-rel,0.376126667,0.0734770091784963
cerevisiae,lys,amm-abs,2.0,0.0734770091784963
cerevisiae,leu,akashi,27.3,0.0950283859529398
cerevisiae,leu,sul-rel,0.0,0.0950283859529398
cerevisiae,leu,weight,131.2,0.0950283859529398
cerevisiae,leu,glu-abs,1.207193333,0.0950283859529398
cerevisiae,leu,sul-abs,0.0,0.0950283859529398
cerevisiae,leu,amm-rel,0.296398667,0.0950283859529398
cerevisiae,leu,glu-rel,0.357813333,0.0950283859529398
cerevisiae,leu,amm-abs,1.0,0.0950283859529398
cerevisiae,ala,akashi,11.7,0.0549554106489761
cerevisiae,ala,sul-rel,0.0,0.0549554106489761
cerevisiae,ala,weight,89.1,0.0549554106489761
cerevisiae,ala,glu-abs,0.5,0.0549554106489761
cerevisiae,ala,sul-abs,0.0,0.0549554106489761
cerevisiae,ala,amm-rel,0.4588,0.0549554106489761
cerevisiae,ala,glu-rel,0.229400333,0.0549554106489761
cerevisiae,ala,amm-abs,1.0,0.0549554106489761
cerevisiae,trp,akashi,74.3,0.0103917793045742
cerevisiae,trp,sul-rel,0.0,0.0103917793045742
cerevisiae,trp,weight,204.2,0.0103917793045742
cerevisiae,trp,glu-abs,2.392936667,0.0103917793045742
cerevisiae,trp,sul-abs,0.0,0.0103917793045742
cerevisiae,trp,amm-rel,0.0568,0.0103917793045742
cerevisiae,trp,glu-rel,0.067959333,0.0103917793045742
cerevisiae,trp,amm-abs,2.0,0.0103917793045742
cerevisiae,met,akashi,34.3,0.0208051631399271
cerevisiae,met,sul-rel,0.0507,0.0208051631399271
cerevisiae,met,weight,149.2,0.0208051631399271
cerevisiae,met,glu-abs,1.25002,0.0208051631399271
cerevisiae,met,sul-abs,1.0,0.0208051631399271
cerevisiae,met,amm-rel,0.050702667,0.0208051631399271
cerevisiae,met,glu-rel,0.063376,0.0208051631399271
cerevisiae,met,amm-abs,1.0,0.0208051631399271
cerevisiae,tyr,akashi,50.0,0.0337833134148704
cerevisiae,tyr,sul-rel,0.0,0.0337833134148704
cerevisiae,tyr,weight,181.2,0.0337833134148704
cerevisiae,tyr,glu-abs,1.773826667,0.0337833134148704
cerevisiae,tyr,sul-abs,0.0,0.0337833134148704
cerevisiae,tyr,amm-rel,0.102003333,0.0337833134148704
cerevisiae,tyr,glu-rel,0.180930333,0.0337833134148704
cerevisiae,tyr,amm-abs,1.0,0.0337833134148704
cerevisiae,asn,akashi,14.7,0.0616305248014869
cerevisiae,asn,sul-rel,0.0,0.0616305248014869
cerevisiae,asn,weight,132.1,0.0616305248014869
cerevisiae,asn,glu-abs,0.785703333,0.0616305248014869
cerevisiae,asn,sul-abs,0.0,0.0616305248014869
cerevisiae,asn,amm-rel,0.203331333,0.0616305248014869
cerevisiae,asn,glu-rel,0.079906333,0.0616305248014869
cerevisiae,asn,amm-abs,2.0,0.0616305248014869
cerevisiae,cys,akashi,24.7,0.0125758944875868
cerevisiae,cys,sul-rel,0.006599967,0.0125758944875868
cerevisiae,cys,weight,121.2,0.0125758944875868
cerevisiae,cys,glu-abs,0.749223333,0.0125758944875868
cerevisiae,cys,sul-abs,1.0,0.0125758944875868
cerevisiae,cys,amm-rel,0.0066015,0.0125758944875868
cerevisiae,cys,glu-rel,0.004944867,0.0125758944875868
cerevisiae,cys,amm-abs,1.0,0.0125758944875868
cerevisiae,asp,akashi,12.7,0.0585294173120877
cerevisiae,asp,sul-rel,0.0,0.0585294173120877
cerevisiae,asp,weight,133.1,0.0585294173120877
cerevisiae,asp,glu-abs,0.614283333,0.0585294173120877
cerevisiae,asp,sul-abs,0.0,0.0585294173120877
cerevisiae,asp,amm-rel,0.297499,0.0585294173120877
cerevisiae,asp,glu-rel,0.182749,0.0585294173120877
cerevisiae,asp,amm-abs,1.0,0.0585294173120877
cerevisiae,pro,akashi,20.3,0.0437587768406289
cerevisiae,pro,sul-rel,0.0,0.0437587768406289
cerevisiae,pro,weight,115.1,0.0437587768406289
cerevisiae,pro,glu-abs,0.994126667,0.0437587768406289
cerevisiae,pro,sul-abs,0.0,0.0437587768406289
cerevisiae,pro,amm-rel,0.164700333,0.0437587768406289
cerevisiae,pro,glu-rel,0.163732667,0.0437587768406289
cerevisiae,pro,amm-abs,1.0,0.0437587768406289
cerevisiae,glu,akashi,15.3,0.0654240060629858
cerevisiae,glu,sul-rel,0.0,0.0654240060629858
cerevisiae,glu,weight,147.1,0.0654240060629858
cerevisiae,glu,glu-abs,0.864303333,0.0654240060629858
cerevisiae,glu,sul-abs,0.0,0.0654240060629858
cerevisiae,glu,amm-rel,0.3018,0.0654240060629858
cerevisiae,glu,glu-rel,0.260846667,0.0654240060629858
cerevisiae,glu,amm-abs,1.0,0.0654240060629858
cerevisiae,gln,akashi,16.3,0.0395572099977538
cerevisiae,gln,sul-rel,0.0,0.0395572099977538
cerevisiae,gln,weight,146.2,0.0395572099977538
cerevisiae,gln,glu-abs,0.921453333,0.0395572099977538
cerevisiae,gln,sul-abs,0.0,0.0395572099977538
cerevisiae,gln,amm-rel,0.210799333,0.0395572099977538
cerevisiae,gln,glu-rel,0.097121333,0.0395572099977538
cerevisiae,gln,amm-abs,2.0,0.0395572099977538
cerevisiae,phe,akashi,52.0,0.0441565745502057
cerevisiae,phe,sul-rel,0.0,0.0441565745502057
cerevisiae,phe,weight,165.2,0.0441565745502057
cerevisiae,phe,glu-abs,1.838066667,0.0441565745502057
cerevisiae,phe,sul-abs,0.0,0.0441565745502057
cerevisiae,phe,amm-rel,0.133903333,0.0441565745502057
cerevisiae,phe,glu-rel,0.246117333,0.0441565745502057
cerevisiae,phe,amm-abs,1.0,0.0441565745502057
cerevisiae,gly,akashi,11.7,0.0497634646808788
cerevisiae,gly,sul-rel,0.0,0.0497634646808788
cerevisiae,gly,weight,75.1,0.0497634646808788
cerevisiae,gly,glu-abs,0.307143667,0.0497634646808788
cerevisiae,gly,sul-abs,0.0,0.0497634646808788
cerevisiae,gly,amm-rel,0.2904,0.0497634646808788
cerevisiae,gly,glu-rel,0.089194333,0.0497634646808788
cerevisiae,gly,amm-abs,1.0,0.0497634646808788
cerevisiae,arg,akashi,27.3,0.0443637037024336
cerevisiae,arg,sul-rel,0.0,0.0443637037024336
cerevisiae,arg,weight,174.2,0.0443637037024336
cerevisiae,arg,glu-abs,1.392533333,0.0443637037024336
cerevisiae,arg,sul-abs,0.0,0.0443637037024336
cerevisiae,arg,amm-rel,0.6428,0.0443637037024336
cerevisiae,arg,glu-rel,0.223780333,0.0443637037024336
cerevisiae,arg,amm-abs,4.0,0.0443637037024336
cerevisiae,ser,akashi,11.7,0.0898336965523627
cerevisiae,ser,sul-rel,0.0,0.0898336965523627
cerevisiae,ser,weight,105.1,0.0898336965523627
cerevisiae,ser,glu-abs,0.492863333,0.0898336965523627
cerevisiae,ser,sul-abs,0.0,0.0898336965523627
cerevisiae,ser,amm-rel,0.185400667,0.0898336965523627
cerevisiae,ser,glu-rel,0.091376667,0.0898336965523627
cerevisiae,ser,amm-abs,1.0,0.0898336965523627
cerevisiae,his,akashi,38.3,0.0216504832727778
cerevisiae,his,sul-rel,0.0,0.0216504832727778
cerevisiae,his,weight,155.2,0.0216504832727778
cerevisiae,his,glu-abs,1.46183,0.0216504832727778
cerevisiae,his,sul-abs,0.0,0.0216504832727778
cerevisiae,his,amm-rel,0.198888667,0.0216504832727778
cerevisiae,his,glu-rel,0.096919333,0.0216504832727778
cerevisiae,his,amm-abs,3.0,0.0216504832727778
cerevisiae,thr,akashi,18.7,0.0591559487046712
cerevisiae,thr,sul-rel,0.0,0.0591559487046712
cerevisiae,thr,weight,119.1,0.0591559487046712
cerevisiae,thr,glu-abs,0.685786667,0.0591559487046712
cerevisiae,thr,sul-abs,0.0,0.0591559487046712
cerevisiae,thr,amm-rel,0.191402,0.0591559487046712
cerevisiae,thr,glu-rel,0.13126,0.0591559487046712
cerevisiae,thr,amm-abs,1.0,0.0591559487046712
cerevisiae,ile,akashi,32.3,0.065556719609198
cerevisiae,ile,sul-rel,0.0,0.065556719609198
cerevisiae,ile,weight,131.2,0.065556719609198
cerevisiae,ile,glu-abs,1.207136667,0.065556719609198
cerevisiae,ile,sul-abs,0.0,0.065556719609198
cerevisiae,ile,amm-rel,0.192701667,0.065556719609198
cerevisiae,ile,glu-rel,0.232615,0.065556719609198
cerevisiae,ile,amm-abs,1.0,0.065556719609198
kluyveri,val,akashi,23.3,0.0615132558832291
kluyveri,val,sul-rel,0.0,0.0615132558832291
kluyveri,val,weight,117.2,0.0615132558832291
kluyveri,val,glu-abs,0.957186667,0.0615132558832291
kluyveri,val,sul-abs,0.0,0.0615132558832291
kluyveri,val,amm-rel,0.264669333,0.0615132558832291
kluyveri,val,glu-rel,0.253271667,0.0615132558832291
kluyveri,val,amm-abs,1.0,0.0615132558832291
kluyveri,lys,akashi,30.3,0.0709679020887185
kluyveri,lys,sul-rel,0.0,0.0709679020887185
kluyveri,lys,weight,146.2,0.0709679020887185
kluyveri,lys,glu-abs,1.314213333,0.0709679020887185
kluyveri,lys,sul-abs,0.0,0.0709679020887185
kluyveri,lys,amm-rel,0.5724,0.0709679020887185
kluyveri,lys,glu-rel,0.376126667,0.0709679020887185
kluyveri,lys,amm-abs,2.0,0.0709679020887185
kluyveri,ala,akashi,11.7,0.0580291222641824
kluyveri,ala,sul-rel,0.0,0.0580291222641824
kluyveri,ala,weight,89.1,0.0580291222641824
kluyveri,ala,glu-abs,0.5,0.0580291222641824
kluyveri,ala,sul-abs,0.0,0.0580291222641824
kluyveri,ala,amm-rel,0.4588,0.0580291222641824
kluyveri,ala,glu-rel,0.229400333,0.0580291222641824
kluyveri,ala,amm-abs,1.0,0.0580291222641824
kluyveri,leu,akashi,27.3,0.0972370363964241
kluyveri,leu,sul-rel,0.0,0.0972370363964241
kluyveri,leu,weight,131.2,0.0972370363964241
kluyveri,leu,glu-abs,1.207193333,0.0972370363964241
kluyveri,leu,sul-abs,0.0,0.0972370363964241
kluyveri,leu,amm-rel,0.296398667,0.0972370363964241
kluyveri,leu,glu-rel,0.357813333,0.0972370363964241
kluyveri,leu,amm-abs,1.0,0.0972370363964241
kluyveri,trp,akashi,74.3,0.0109096383419656
kluyveri,trp,sul-rel,0.0,0.0109096383419656
kluyveri,trp,weight,204.2,0.0109096383419656
kluyveri,trp,glu-abs,2.392936667,0.0109096383419656
kluyveri,trp,sul-abs,0.0,0.0109096383419656
kluyveri,trp,amm-rel,0.0568,0.0109096383419656
kluyveri,trp,glu-rel,0.067959333,0.0109096383419656
kluyveri,trp,amm-abs,2.0,0.0109096383419656
kluyveri,met,akashi,34.3,0.0200159512621676
kluyveri,met,sul-rel,0.0507,0.0200159512621676
kluyveri,met,weight,149.2,0.0200159512621676
kluyveri,met,glu-abs,1.25002,0.0200159512621676
kluyveri,met,sul-abs,1.0,0.0200159512621676
kluyveri,met,amm-rel,0.050702667,0.0200159512621676
kluyveri,met,glu-rel,0.063376,0.0200159512621676
kluyveri,met,amm-abs,1.0,0.0200159512621676
kluyveri,asn,akashi,14.7,0.0519785330604322
kluyveri,asn,sul-rel,0.0,0.0519785330604322
kluyveri,asn,weight,132.1,0.0519785330604322
kluyveri,asn,glu-abs,0.785703333,0.0519785330604322
kluyveri,asn,sul-abs,0.0,0.0519785330604322
kluyveri,asn,amm-rel,0.203331333,0.0519785330604322
kluyveri,asn,glu-rel,0.079906333,0.0519785330604322
kluyveri,asn,amm-abs,2.0,0.0519785330604322
kluyveri,cys,akashi,24.7,0.01316379511917
kluyveri,cys,sul-rel,0.006599967,0.01316379511917
kluyveri,cys,weight,121.2,0.01316379511917
kluyveri,cys,glu-abs,0.749223333,0.01316379511917
kluyveri,cys,sul-abs,1.0,0.01316379511917
kluyveri,cys,amm-rel,0.0066015,0.01316379511917
kluyveri,cys,glu-rel,0.004944867,0.01316379511917
kluyveri,cys,amm-abs,1.0,0.01316379511917
kluyveri,tyr,akashi,50.0,0.0339773094897198
kluyveri,tyr,sul-rel,0.0,0.0339773094897198
kluyveri,tyr,weight,181.2,0.0339773094897198
kluyveri,tyr,glu-abs,1.773826667,0.0339773094897198
kluyveri,tyr,sul-abs,0.0,0.0339773094897198
kluyveri,tyr,amm-rel,0.102003333,0.0339773094897198
kluyveri,tyr,glu-rel,0.180930333,0.0339773094897198
kluyveri,tyr,amm-abs,1.0,0.0339773094897198
kluyveri,asp,akashi,12.7,0.0578305322532599
kluyveri,asp,sul-rel,0.0,0.0578305322532599
kluyveri,asp,weight,133.1,0.0578305322532599
kluyveri,asp,glu-abs,0.614283333,0.0578305322532599
kluyveri,asp,sul-abs,0.0,0.0578305322532599
kluyveri,asp,amm-rel,0.297499,0.0578305322532599
kluyveri,asp,glu-rel,0.182749,0.0578305322532599
kluyveri,asp,amm-abs,1.0,0.0578305322532599
kluyveri,pro,akashi,20.3,0.0444393195409368
kluyveri,pro,sul-rel,0.0,0.0444393195409368
kluyveri,pro,weight,115.1,0.0444393195409368
kluyveri,pro,glu-abs,0.994126667,0.0444393195409368
kluyveri,pro,sul-abs,0.0,0.0444393195409368
kluyveri,pro,amm-rel,0.164700333,0.0444393195409368
kluyveri,pro,glu-rel,0.163732667,0.0444393195409368
kluyveri,pro,amm-abs,1.0,0.0444393195409368
kluyveri,glu,akashi,15.3,0.0677199944907287
kluyveri,glu,sul-rel,0.0,0.0677199944907287
kluyveri,glu,weight,147.1,0.0677199944907287
kluyveri,glu,glu-abs,0.864303333,0.0677199944907287
kluyveri,glu,sul-abs,0.0,0.0677199944907287
kluyveri,glu,amm-rel,0.3018,0.0677199944907287
kluyveri,glu,glu-rel,0.260846667,0.0677199944907287
kluyveri,glu,amm-abs,1.0,0.0677199944907287
kluyveri,phe,akashi,52.0,0.044356039858937
kluyveri,phe,sul-rel,0.0,0.044356039858937
kluyveri,phe,weight,165.2,0.044356039858937
kluyveri,phe,glu-abs,1.838066667,0.044356039858937
kluyveri,phe,sul-abs,0.0,0.044356039858937
kluyveri,phe,amm-rel,0.133903333,0.044356039858937
kluyveri,phe,glu-rel,0.246117333,0.044356039858937
kluyveri,phe,amm-abs,1.0,0.044356039858937
kluyveri,gln,akashi,16.3,0.0431020400319025
kluyveri,gln,sul-rel,0.0,0.0431020400319025
kluyveri,gln,weight,146.2,0.0431020400319025
kluyveri,gln,glu-abs,0.921453333,0.0431020400319025
kluyveri,gln,sul-abs,0.0,0.0431020400319025
kluyveri,gln,amm-rel,0.210799333,0.0431020400319025
kluyveri,gln,glu-rel,0.097121333,0.0431020400319025
kluyveri,gln,amm-abs,2.0,0.0431020400319025
kluyveri,arg,akashi,27.3,0.0454290665308567
kluyveri,arg,sul-rel,0.0,0.0454290665308567
kluyveri,arg,weight,174.2,0.0454290665308567
kluyveri,arg,glu-abs,1.392533333,0.0454290665308567
kluyveri,arg,sul-abs,0.0,0.0454290665308567
kluyveri,arg,amm-rel,0.6428,0.0454290665308567
kluyveri,arg,glu-rel,0.223780333,0.0454290665308567
kluyveri,arg,amm-abs,4.0,0.0454290665308567
kluyveri,gly,akashi,11.7,0.0544641112616552
kluyveri,gly,sul-rel,0.0,0.0544641112616552
kluyveri,gly,weight,75.1,0.0544641112616552
kluyveri,gly,glu-abs,0.307143667,0.0544641112616552
kluyveri,gly,sul-abs,0.0,0.0544641112616552
kluyveri,gly,amm-rel,0.2904,0.0544641112616552
kluyveri,gly,glu-rel,0.089194333,0.0544641112616552
kluyveri,gly,amm-abs,1.0,0.0544641112616552
kluyveri,his,akashi,38.3,0.0221227670635264
kluyveri,his,sul-rel,0.0,0.0221227670635264
kluyveri,his,weight,155.2,0.0221227670635264
kluyveri,his,glu-abs,1.46183,0.0221227670635264
kluyveri,his,sul-abs,0.0,0.0221227670635264
kluyveri,his,amm-rel,0.198888667,0.0221227670635264
kluyveri,his,glu-rel,0.096919333,0.0221227670635264
kluyveri,his,amm-abs,3.0,0.0221227670635264
kluyveri,ser,akashi,11.7,0.0857612563700949
kluyveri,ser,sul-rel,0.0,0.0857612563700949
kluyveri,ser,weight,105.1,0.0857612563700949
kluyveri,ser,glu-abs,0.492863333,0.0857612563700949
kluyveri,ser,sul-abs,0.0,0.0857612563700949
kluyveri,ser,amm-rel,0.185400667,0.0857612563700949
kluyveri,ser,glu-rel,0.091376667,0.0857612563700949
kluyveri,ser,amm-abs,1.0,0.0857612563700949
kluyveri,thr,akashi,18.7,0.058110800413836
kluyveri,thr,sul-rel,0.0,0.058110800413836
kluyveri,thr,weight,119.1,0.058110800413836
kluyveri,thr,glu-abs,0.685786667,0.058110800413836
kluyveri,thr,sul-abs,0.0,0.058110800413836
kluyveri,thr,amm-rel,0.191402,0.058110800413836
kluyveri,thr,glu-rel,0.13126,0.058110800413836
kluyveri,thr,amm-abs,1.0,0.058110800413836
kluyveri,ile,akashi,32.3,0.0588715282782566
kluyveri,ile,sul-rel,0.0,0.0588715282782566
kluyveri,ile,weight,131.2,0.0588715282782566
kluyveri,ile,glu-abs,1.207136667,0.0588715282782566
kluyveri,ile,sul-abs,0.0,0.0588715282782566
kluyveri,ile,amm-rel,0.192701667,0.0588715282782566
kluyveri,ile,glu-rel,0.232615,0.0588715282782566
kluyveri,ile,amm-abs,1.0,0.0588715282782566
kudriavzevii,lys,akashi,30.3,0.0727352333254864
kudriavzevii,lys,sul-rel,0.0,0.0727352333254864
kudriavzevii,lys,weight,146.2,0.0727352333254864
kudriavzevii,lys,glu-abs,1.314213333,0.0727352333254864
kudriavzevii,lys,sul-abs,0.0,0.0727352333254864
kudriavzevii,lys,amm-rel,0.5724,0.0727352333254864
kudriavzevii,lys,glu-rel,0.376126667,0.0727352333254864
kudriavzevii,lys,amm-abs,2.0,0.0727352333254864
kudriavzevii,val,akashi,23.3,0.0565380028611119
kudriavzevii,val,sul-rel,0.0,0.0565380028611119
kudriavzevii,val,weight,117.2,0.0565380028611119
kudriavzevii,val,glu-abs,0.957186667,0.0565380028611119
kudriavzevii,val,sul-abs,0.0,0.0565380028611119
kudriavzevii,val,amm-rel,0.264669333,0.0565380028611119
kudriavzevii,val,glu-rel,0.253271667,0.0565380028611119
kudriavzevii,val,amm-abs,1.0,0.0565380028611119
kudriavzevii,leu,akashi,27.3,0.0951791816599105
kudriavzevii,leu,sul-rel,0.0,0.0951791816599105
kudriavzevii,leu,weight,131.2,0.0951791816599105
kudriavzevii,leu,glu-abs,1.207193333,0.0951791816599105
kudriavzevii,leu,sul-abs,0.0,0.0951791816599105
kudriavzevii,leu,amm-rel,0.296398667,0.0951791816599105
kudriavzevii,leu,glu-rel,0.357813333,0.0951791816599105
kudriavzevii,leu,amm-abs,1.0,0.0951791816599105
kudriavzevii,ala,akashi,11.7,0.0566233705760769
kudriavzevii,ala,sul-rel,0.0,0.0566233705760769
kudriavzevii,ala,weight,89.1,0.0566233705760769
kudriavzevii,ala,glu-abs,0.5,0.0566233705760769
kudriavzevii,ala,sul-abs,0.0,0.0566233705760769
kudriavzevii,ala,amm-rel,0.4588,0.0566233705760769
kudriavzevii,ala,glu-rel,0.229400333,0.0566233705760769
kudriavzevii,ala,amm-abs,1.0,0.0566233705760769
kudriavzevii,trp,akashi,74.3,0.0104077472494781
kudriavzevii,trp,sul-rel,0.0,0.0104077472494781
kudriavzevii,trp,weight,204.2,0.0104077472494781
kudriavzevii,trp,glu-abs,2.392936667,0.0104077472494781
kudriavzevii,trp,sul-abs,0.0,0.0104077472494781
kudriavzevii,trp,amm-rel,0.0568,0.0104077472494781
kudriavzevii,trp,glu-rel,0.067959333,0.0104077472494781
kudriavzevii,trp,amm-abs,2.0,0.0104077472494781
kudriavzevii,met,akashi,34.3,0.0208109674231626
kudriavzevii,met,sul-rel,0.0507,0.0208109674231626
kudriavzevii,met,weight,149.2,0.0208109674231626
kudriavzevii,met,glu-abs,1.25002,0.0208109674231626
kudriavzevii,met,sul-abs,1.0,0.0208109674231626
kudriavzevii,met,amm-rel,0.050702667,0.0208109674231626
kudriavzevii,met,glu-rel,0.063376,0.0208109674231626
kudriavzevii,met,amm-abs,1.0,0.0208109674231626
kudriavzevii,asn,akashi,14.7,0.0596545711824463
kudriavzevii,asn,sul-rel,0.0,0.0596545711824463
kudriavzevii,asn,weight,132.1,0.0596545711824463
kudriavzevii,asn,glu-abs,0.785703333,0.0596545711824463
kudriavzevii,asn,sul-abs,0.0,0.0596545711824463
kudriavzevii,asn,amm-rel,0.203331333,0.0596545711824463
kudriavzevii,asn,glu-rel,0.079906333,0.0596545711824463
kudriavzevii,asn,amm-abs,2.0,0.0596545711824463
kudriavzevii,cys,akashi,24.7,0.013085835943947
kudriavzevii,cys,sul-rel,0.006599967,0.013085835943947
kudriavzevii,cys,weight,121.2,0.013085835943947
kudriavzevii,cys,glu-abs,0.749223333,0.013085835943947
kudriavzevii,cys,sul-abs,1.0,0.013085835943947
kudriavzevii,cys,amm-rel,0.0066015,0.013085835943947
kudriavzevii,cys,glu-rel,0.004944867,0.013085835943947
kudriavzevii,cys,amm-abs,1.0,0.013085835943947
kudriavzevii,tyr,akashi,50.0,0.033376189650846
kudriavzevii,tyr,sul-rel,0.0,0.033376189650846
kudriavzevii,tyr,weight,181.2,0.033376189650846
kudriavzevii,tyr,glu-abs,1.773826667,0.033376189650846
kudriavzevii,tyr,sul-abs,0.0,0.033376189650846
kudriavzevii,tyr,amm-rel,0.102003333,0.033376189650846
kudriavzevii,tyr,glu-rel,0.180930333,0.033376189650846
kudriavzevii,tyr,amm-abs,1.0,0.033376189650846
kudriavzevii,asp,akashi,12.7,0.0591404247173165
kudriavzevii,asp,sul-rel,0.0,0.0591404247173165
kudriavzevii,asp,weight,133.1,0.0591404247173165
kudriavzevii,asp,glu-abs,0.614283333,0.0591404247173165
kudriavzevii,asp,sul-abs,0.0,0.0591404247173165
kudriavzevii,asp,amm-rel,0.297499,0.0591404247173165
kudriavzevii,asp,glu-rel,0.182749,0.0591404247173165
kudriavzevii,asp,amm-abs,1.0,0.0591404247173165
kudriavzevii,glu,akashi,15.3,0.0654977325817525
kudriavzevii,glu,sul-rel,0.0,0.0654977325817525
kudriavzevii,glu,weight,147.1,0.0654977325817525
kudriavzevii,glu,glu-abs,0.864303333,0.0654977325817525
kudriavzevii,glu,sul-abs,0.0,0.0654977325817525
kudriavzevii,glu,amm-rel,0.3018,0.0654977325817525
kudriavzevii,glu,glu-rel,0.260846667,0.0654977325817525
kudriavzevii,glu,amm-abs,1.0,0.0654977325817525
kudriavzevii,pro,akashi,20.3,0.0434754490212462
kudriavzevii,pro,sul-rel,0.0,0.0434754490212462
kudriavzevii,pro,weight,115.1,0.0434754490212462
kudriavzevii,pro,glu-abs,0.994126667,0.0434754490212462
kudriavzevii,pro,sul-abs,0.0,0.0434754490212462
kudriavzevii,pro,amm-rel,0.164700333,0.0434754490212462
kudriavzevii,pro,glu-rel,0.163732667,0.0434754490212462
kudriavzevii,pro,amm-abs,1.0,0.0434754490212462
kudriavzevii,gln,akashi,16.3,0.0396856398568927
kudriavzevii,gln,sul-rel,0.0,0.0396856398568927
kudriavzevii,gln,weight,146.2,0.0396856398568927
kudriavzevii,gln,glu-abs,0.921453333,0.0396856398568927
kudriavzevii,gln,sul-abs,0.0,0.0396856398568927
kudriavzevii,gln,amm-rel,0.210799333,0.0396856398568927
kudriavzevii,gln,glu-rel,0.097121333,0.0396856398568927
kudriavzevii,gln,amm-abs,2.0,0.0396856398568927
kudriavzevii,phe,akashi,52.0,0.0444022061087067
kudriavzevii,phe,sul-rel,0.0,0.0444022061087067
kudriavzevii,phe,weight,165.2,0.0444022061087067
kudriavzevii,phe,glu-abs,1.838066667,0.0444022061087067
kudriavzevii,phe,sul-abs,0.0,0.0444022061087067
kudriavzevii,phe,amm-rel,0.133903333,0.0444022061087067
kudriavzevii,phe,glu-rel,0.246117333,0.0444022061087067
kudriavzevii,phe,amm-abs,1.0,0.0444022061087067
kudriavzevii,arg,akashi,27.3,0.0456801349327277
kudriavzevii,arg,sul-rel,0.0,0.0456801349327277
kudriavzevii,arg,weight,174.2,0.0456801349327277
kudriavzevii,arg,glu-abs,1.392533333,0.0456801349327277
kudriavzevii,arg,sul-abs,0.0,0.0456801349327277
kudriavzevii,arg,amm-rel,0.6428,0.0456801349327277
kudriavzevii,arg,glu-rel,0.223780333,0.0456801349327277
kudriavzevii,arg,amm-abs,4.0,0.0456801349327277
kudriavzevii,gly,akashi,11.7,0.0519009837982425
kudriavzevii,gly,sul-rel,0.0,0.0519009837982425
kudriavzevii,gly,weight,75.1,0.0519009837982425
kudriavzevii,gly,glu-abs,0.307143667,0.0519009837982425
kudriavzevii,gly,sul-abs,0.0,0.0519009837982425
kudriavzevii,gly,amm-rel,0.2904,0.0519009837982425
kudriavzevii,gly,glu-rel,0.089194333,0.0519009837982425
kudriavzevii,gly,amm-abs,1.0,0.0519009837982425
kudriavzevii,ser,akashi,11.7,0.0887403864311897
kudriavzevii,ser,sul-rel,0.0,0.0887403864311897
kudriavzevii,ser,weight,105.1,0.0887403864311897
kudriavzevii,ser,glu-abs,0.492863333,0.0887403864311897
kudriavzevii,ser,sul-abs,0.0,0.0887403864311897
kudriavzevii,ser,amm-rel,0.185400667,0.0887403864311897
kudriavzevii,ser,glu-rel,0.091376667,0.0887403864311897
kudriavzevii,ser,amm-abs,1.0,0.0887403864311897
kudriavzevii,his,akashi,38.3,0.0218075708228672
kudriavzevii,his,sul-rel,0.0,0.0218075708228672
kudriavzevii,his,weight,155.2,0.0218075708228672
kudriavzevii,his,glu-abs,1.46183,0.0218075708228672
kudriavzevii,his,sul-abs,0.0,0.0218075708228672
kudriavzevii,his,amm-rel,0.198888667,0.0218075708228672
kudriavzevii,his,glu-rel,0.096919333,0.0218075708228672
kudriavzevii,his,amm-abs,3.0,0.0218075708228672
kudriavzevii,thr,akashi,18.7,0.0571207021882591
kudriavzevii,thr,sul-rel,0.0,0.0571207021882591
kudriavzevii,thr,weight,119.1,0.0571207021882591
kudriavzevii,thr,glu-abs,0.685786667,0.0571207021882591
kudriavzevii,thr,sul-abs,0.0,0.0571207021882591
kudriavzevii,thr,amm-rel,0.191402,0.0571207021882591
kudriavzevii,thr,glu-rel,0.13126,0.0571207021882591
kudriavzevii,thr,amm-abs,1.0,0.0571207021882591
kudriavzevii,ile,akashi,32.3,0.0641376696683335
kudriavzevii,ile,sul-rel,0.0,0.0641376696683335
kudriavzevii,ile,weight,131.2,0.0641376696683335
kudriavzevii,ile,glu-abs,1.207136667,0.0641376696683335
kudriavzevii,ile,sul-abs,0.0,0.0641376696683335
kudriavzevii,ile,amm-rel,0.192701667,0.0641376696683335
kudriavzevii,ile,glu-rel,0.232615,0.0641376696683335
kudriavzevii,ile,amm-abs,1.0,0.0641376696683335
mikatae,lys,akashi,30.3,0.0738723832511013
mikatae,lys,sul-rel,0.0,0.0738723832511013
mikatae,lys,weight,146.2,0.0738723832511013
mikatae,lys,glu-abs,1.314213333,0.0738723832511013
mikatae,lys,sul-abs,0.0,0.0738723832511013
mikatae,lys,amm-rel,0.5724,0.0738723832511013
mikatae,lys,glu-rel,0.376126667,0.0738723832511013
mikatae,lys,amm-abs,2.0,0.0738723832511013
mikatae,val,akashi,23.3,0.0573802020477699
mikatae,val,sul-rel,0.0,0.0573802020477699
mikatae,val,weight,117.2,0.0573802020477699
mikatae,val,glu-abs,0.957186667,0.0573802020477699
mikatae,val,sul-abs,0.0,0.0573802020477699
mikatae,val,amm-rel,0.264669333,0.0573802020477699
mikatae,val,glu-rel,0.253271667,0.0573802020477699
mikatae,val,amm-abs,1.0,0.0573802020477699
mikatae,leu,akashi,27.3,0.0945163945262027
mikatae,leu,sul-rel,0.0,0.0945163945262027
mikatae,leu,weight,131.2,0.0945163945262027
mikatae,leu,glu-abs,1.207193333,0.0945163945262027
mikatae,leu,sul-abs,0.0,0.0945163945262027
mikatae,leu,amm-rel,0.296398667,0.0945163945262027
mikatae,leu,glu-rel,0.357813333,0.0945163945262027
mikatae,leu,amm-abs,1.0,0.0945163945262027
mikatae,ala,akashi,11.7,0.0548130269212235
mikatae,ala,sul-rel,0.0,0.0548130269212235
mikatae,ala,weight,89.1,0.0548130269212235
mikatae,ala,glu-abs,0.5,0.0548130269212235
mikatae,ala,sul-abs,0.0,0.0548130269212235
mikatae,ala,amm-rel,0.4588,0.0548130269212235
mikatae,ala,glu-rel,0.229400333,0.0548130269212235
mikatae,ala,amm-abs,1.0,0.0548130269212235
mikatae,trp,akashi,74.3,0.0107045232602271
mikatae,trp,sul-rel,0.0,0.0107045232602271
mikatae,trp,weight,204.2,0.0107045232602271
mikatae,trp,glu-abs,2.392936667,0.0107045232602271
mikatae,trp,sul-abs,0.0,0.0107045232602271
mikatae,trp,amm-rel,0.0568,0.0107045232602271
mikatae,trp,glu-rel,0.067959333,0.0107045232602271
mikatae,trp,amm-abs,2.0,0.0107045232602271
mikatae,met,akashi,34.3,0.0208231165164883
mikatae,met,sul-rel,0.0507,0.0208231165164883
mikatae,met,weight,149.2,0.0208231165164883
mikatae,met,glu-abs,1.25002,0.0208231165164883
mikatae,met,sul-abs,1.0,0.0208231165164883
mikatae,met,amm-rel,0.050702667,0.0208231165164883
mikatae,met,glu-rel,0.063376,0.0208231165164883
mikatae,met,amm-abs,1.0,0.0208231165164883
mikatae,asn,akashi,14.7,0.0601537746429622
mikatae,asn,sul-rel,0.0,0.0601537746429622
mikatae,asn,weight,132.1,0.0601537746429622
mikatae,asn,glu-abs,0.785703333,0.0601537746429622
mikatae,asn,sul-abs,0.0,0.0601537746429622
mikatae,asn,amm-rel,0.203331333,0.0601537746429622
mikatae,asn,glu-rel,0.079906333,0.0601537746429622
mikatae,asn,amm-abs,2.0,0.0601537746429622
mikatae,tyr,akashi,50.0,0.0336572863850166
mikatae,tyr,sul-rel,0.0,0.0336572863850166
mikatae,tyr,weight,181.2,0.0336572863850166
mikatae,tyr,glu-abs,1.773826667,0.0336572863850166
mikatae,tyr,sul-abs,0.0,0.0336572863850166
mikatae,tyr,amm-rel,0.102003333,0.0336572863850166
mikatae,tyr,glu-rel,0.180930333,0.0336572863850166
mikatae,tyr,amm-abs,1.0,0.0336572863850166
mikatae,cys,akashi,24.7,0.0133075194350509
mikatae,cys,sul-rel,0.006599967,0.0133075194350509
mikatae,cys,weight,121.2,0.0133075194350509
mikatae,cys,glu-abs,0.749223333,0.0133075194350509
mikatae,cys,sul-abs,1.0,0.0133075194350509
mikatae,cys,amm-rel,0.0066015,0.0133075194350509
mikatae,cys,glu-rel,0.004944867,0.0133075194350509
mikatae,cys,amm-abs,1.0,0.0133075194350509
mikatae,asp,akashi,12.7,0.0582382014422236
mikatae,asp,sul-rel,0.0,0.0582382014422236
mikatae,asp,weight,133.1,0.0582382014422236
mikatae,asp,glu-abs,0.614283333,0.0582382014422236
mikatae,asp,sul-abs,0.0,0.0582382014422236
mikatae,asp,amm-rel,0.297499,0.0582382014422236
mikatae,asp,glu-rel,0.182749,0.0582382014422236
mikatae,asp,amm-abs,1.0,0.0582382014422236
mikatae,pro,akashi,20.3,0.043200184222534
mikatae,pro,sul-rel,0.0,0.043200184222534
mikatae,pro,weight,115.1,0.043200184222534
mikatae,pro,glu-abs,0.994126667,0.043200184222534
mikatae,pro,sul-abs,0.0,0.043200184222534
mikatae,pro,amm-rel,0.164700333,0.043200184222534
mikatae,pro,glu-rel,0.163732667,0.043200184222534
mikatae,pro,amm-abs,1.0,0.043200184222534
mikatae,glu,akashi,15.3,0.0654322619712664
mikatae,glu,sul-rel,0.0,0.0654322619712664
mikatae,glu,weight,147.1,0.0654322619712664
mikatae,glu,glu-abs,0.864303333,0.0654322619712664
mikatae,glu,sul-abs,0.0,0.0654322619712664
mikatae,glu,amm-rel,0.3018,0.0654322619712664
mikatae,glu,glu-rel,0.260846667,0.0654322619712664
mikatae,glu,amm-abs,1.0,0.0654322619712664
mikatae,phe,akashi,52.0,0.0444948592531311
mikatae,phe,sul-rel,0.0,0.0444948592531311
mikatae,phe,weight,165.2,0.0444948592531311
mikatae,phe,glu-abs,1.838066667,0.0444948592531311
mikatae,phe,sul-abs,0.0,0.0444948592531311
mikatae,phe,amm-rel,0.133903333,0.0444948592531311
mikatae,phe,glu-rel,0.246117333,0.0444948592531311
mikatae,phe,amm-abs,1.0,0.0444948592531311
mikatae,gln,akashi,16.3,0.0393826839346863
mikatae,gln,sul-rel,0.0,0.0393826839346863
mikatae,gln,weight,146.2,0.0393826839346863
mikatae,gln,glu-abs,0.921453333,0.0393826839346863
mikatae,gln,sul-abs,0.0,0.0393826839346863
mikatae,gln,amm-rel,0.210799333,0.0393826839346863
mikatae,gln,glu-rel,0.097121333,0.0393826839346863
mikatae,gln,amm-abs,2.0,0.0393826839346863
mikatae,arg,akashi,27.3,0.0447626642331097
mikatae,arg,sul-rel,0.0,0.0447626642331097
mikatae,arg,weight,174.2,0.0447626642331097
mikatae,arg,glu-abs,1.392533333,0.0447626642331097
mikatae,arg,sul-abs,0.0,0.0447626642331097
mikatae,arg,amm-rel,0.6428,0.0447626642331097
mikatae,arg,glu-rel,0.223780333,0.0447626642331097
mikatae,arg,amm-abs,4.0,0.0447626642331097
mikatae,gly,akashi,11.7,0.0521844442833445
mikatae,gly,sul-rel,0.0,0.0521844442833445
mikatae,gly,weight,75.1,0.0521844442833445
mikatae,gly,glu-abs,0.307143667,0.0521844442833445
mikatae,gly,sul-abs,0.0,0.0521844442833445
mikatae,gly,amm-rel,0.2904,0.0521844442833445
mikatae,gly,glu-rel,0.089194333,0.0521844442833445
mikatae,gly,amm-abs,1.0,0.0521844442833445
mikatae,ser,akashi,11.7,0.0879909935650045
mikatae,ser,sul-rel,0.0,0.0879909935650045
mikatae,ser,weight,105.1,0.0879909935650045
mikatae,ser,glu-abs,0.492863333,0.0879909935650045
mikatae,ser,sul-abs,0.0,0.0879909935650045
mikatae,ser,amm-rel,0.185400667,0.0879909935650045
mikatae,ser,glu-rel,0.091376667,0.0879909935650045
mikatae,ser,amm-abs,1.0,0.0879909935650045
mikatae,his,akashi,38.3,0.0219378334235967
mikatae,his,sul-rel,0.0,0.0219378334235967
mikatae,his,weight,155.2,0.0219378334235967
mikatae,his,glu-abs,1.46183,0.0219378334235967
mikatae,his,sul-abs,0.0,0.0219378334235967
mikatae,his,amm-rel,0.198888667,0.0219378334235967
mikatae,his,glu-rel,0.096919333,0.0219378334235967
mikatae,his,amm-abs,3.0,0.0219378334235967
mikatae,ile,akashi,32.3,0.0647328986477554
mikatae,ile,sul-rel,0.0,0.0647328986477554
mikatae,ile,weight,131.2,0.0647328986477554
mikatae,ile,glu-abs,1.207136667,0.0647328986477554
mikatae,ile,sul-abs,0.0,0.0647328986477554
mikatae,ile,amm-rel,0.192701667,0.0647328986477554
mikatae,ile,glu-rel,0.232615,0.0647328986477554
mikatae,ile,amm-abs,1.0,0.0647328986477554
mikatae,thr,akashi,18.7,0.0584147480373051
mikatae,thr,sul-rel,0.0,0.0584147480373051
mikatae,thr,weight,119.1,0.0584147480373051
mikatae,thr,glu-abs,0.685786667,0.0584147480373051
mikatae,thr,sul-abs,0.0,0.0584147480373051
mikatae,thr,amm-rel,0.191402,0.0584147480373051
mikatae,thr,glu-rel,0.13126,0.0584147480373051
mikatae,thr,amm-abs,1.0,0.0584147480373051
paradoxus,lys,akashi,30.3,0.071814925871818
paradoxus,lys,sul-rel,0.0,0.071814925871818
paradoxus,lys,weight,146.2,0.071814925871818
paradoxus,lys,glu-abs,1.314213333,0.071814925871818
paradoxus,lys,sul-abs,0.0,0.071814925871818
paradoxus,lys,amm-rel,0.5724,0.071814925871818
paradoxus,lys,glu-rel,0.376126667,0.071814925871818
paradoxus,lys,amm-abs,2.0,0.071814925871818
paradoxus,val,akashi,23.3,0.0564182203440393
paradoxus,val,sul-rel,0.0,0.0564182203440393
paradoxus,val,weight,117.2,0.0564182203440393
paradoxus,val,glu-abs,0.957186667,0.0564182203440393
paradoxus,val,sul-abs,0.0,0.0564182203440393
paradoxus,val,amm-rel,0.264669333,0.0564182203440393
paradoxus,val,glu-rel,0.253271667,0.0564182203440393
paradoxus,val,amm-abs,1.0,0.0564182203440393
paradoxus,trp,akashi,74.3,0.0105973383064647
paradoxus,trp,sul-rel,0.0,0.0105973383064647
paradoxus,trp,weight,204.2,0.0105973383064647
paradoxus,trp,glu-abs,2.392936667,0.0105973383064647
paradoxus,trp,sul-abs,0.0,0.0105973383064647
paradoxus,trp,amm-rel,0.0568,0.0105973383064647
paradoxus,trp,glu-rel,0.067959333,0.0105973383064647
paradoxus,trp,amm-abs,2.0,0.0105973383064647
paradoxus,leu,akashi,27.3,0.0972454011888466
paradoxus,leu,sul-rel,0.0,0.0972454011888466
paradoxus,leu,weight,131.2,0.0972454011888466
paradoxus,leu,glu-abs,1.207193333,0.0972454011888466
paradoxus,leu,sul-abs,0.0,0.0972454011888466
paradoxus,leu,amm-rel,0.296398667,0.0972454011888466
paradoxus,leu,glu-rel,0.357813333,0.0972454011888466
paradoxus,leu,amm-abs,1.0,0.0972454011888466
paradoxus,ala,akashi,11.7,0.054769790954606
paradoxus,ala,sul-rel,0.0,0.054769790954606
paradoxus,ala,weight,89.1,0.054769790954606
paradoxus,ala,glu-abs,0.5,0.054769790954606
paradoxus,ala,sul-abs,0.0,0.054769790954606
paradoxus,ala,amm-rel,0.4588,0.054769790954606
paradoxus,ala,glu-rel,0.229400333,0.054769790954606
paradoxus,ala,amm-abs,1.0,0.054769790954606
paradoxus,met,akashi,34.3,0.021422763326793
paradoxus,met,sul-rel,0.0507,0.021422763326793
paradoxus,met,weight,149.2,0.021422763326793
paradoxus,met,glu-abs,1.25002,0.021422763326793
paradoxus,met,sul-abs,1.0,0.021422763326793
paradoxus,met,amm-rel,0.050702667,0.021422763326793
paradoxus,met,glu-rel,0.063376,0.021422763326793
paradoxus,met,amm-abs,1.0,0.021422763326793
paradoxus,tyr,akashi,50.0,0.0334186243541379
paradoxus,tyr,sul-rel,0.0,0.0334186243541379
paradoxus,tyr,weight,181.2,0.0334186243541379
paradoxus,tyr,glu-abs,1.773826667,0.0334186243541379
paradoxus,tyr,sul-abs,0.0,0.0334186243541379
paradoxus,tyr,amm-rel,0.102003333,0.0334186243541379
paradoxus,tyr,glu-rel,0.180930333,0.0334186243541379
paradoxus,tyr,amm-abs,1.0,0.0334186243541379
paradoxus,asn,akashi,14.7,0.059845657914251
paradoxus,asn,sul-rel,0.0,0.059845657914251
paradoxus,asn,weight,132.1,0.059845657914251
paradoxus,asn,glu-abs,0.785703333,0.059845657914251
paradoxus,asn,sul-abs,0.0,0.059845657914251
paradoxus,asn,amm-rel,0.203331333,0.059845657914251
paradoxus,asn,glu-rel,0.079906333,0.059845657914251
paradoxus,asn,amm-abs,2.0,0.059845657914251
paradoxus,cys,akashi,24.7,0.0137762329552913
paradoxus,cys,sul-rel,0.006599967,0.0137762329552913
paradoxus,cys,weight,121.2,0.0137762329552913
paradoxus,cys,glu-abs,0.749223333,0.0137762329552913
paradoxus,cys,sul-abs,1.0,0.0137762329552913
paradoxus,cys,amm-rel,0.0066015,0.0137762329552913
paradoxus,cys,glu-rel,0.004944867,0.0137762329552913
paradoxus,cys,amm-abs,1.0,0.0137762329552913
paradoxus,asp,akashi,12.7,0.0568747347085587
paradoxus,asp,sul-rel,0.0,0.0568747347085587
paradoxus,asp,weight,133.1,0.0568747347085587
paradoxus,asp,glu-abs,0.614283333,0.0568747347085587
paradoxus,asp,sul-abs,0.0,0.0568747347085587
paradoxus,asp,amm-rel,0.297499,0.0568747347085587
paradoxus,asp,glu-rel,0.182749,0.0568747347085587
paradoxus,asp,amm-abs,1.0,0.0568747347085587
paradoxus,glu,akashi,15.3,0.0637807503677856
paradoxus,glu,sul-rel,0.0,0.0637807503677856
paradoxus,glu,weight,147.1,0.0637807503677856
paradoxus,glu,glu-abs,0.864303333,0.0637807503677856
paradoxus,glu,sul-abs,0.0,0.0637807503677856
paradoxus,glu,amm-rel,0.3018,0.0637807503677856
paradoxus,glu,glu-rel,0.260846667,0.0637807503677856
paradoxus,glu,amm-abs,1.0,0.0637807503677856
paradoxus,pro,akashi,20.3,0.0436109297516787
paradoxus,pro,sul-rel,0.0,0.0436109297516787
paradoxus,pro,weight,115.1,0.0436109297516787
paradoxus,pro,glu-abs,0.994126667,0.0436109297516787
paradoxus,pro,sul-abs,0.0,0.0436109297516787
paradoxus,pro,amm-rel,0.164700333,0.0436109297516787
paradoxus,pro,glu-rel,0.163732667,0.0436109297516787
paradoxus,pro,amm-abs,1.0,0.0436109297516787
paradoxus,gln,akashi,16.3,0.0386813246758117
paradoxus,gln,sul-rel,0.0,0.0386813246758117
paradoxus,gln,weight,146.2,0.0386813246758117
paradoxus,gln,glu-abs,0.921453333,0.0386813246758117
paradoxus,gln,sul-abs,0.0,0.0386813246758117
paradoxus,gln,amm-rel,0.210799333,0.0386813246758117
paradoxus,gln,glu-rel,0.097121333,0.0386813246758117
paradoxus,gln,amm-abs,2.0,0.0386813246758117
paradoxus,phe,akashi,52.0,0.0463118310180884
paradoxus,phe,sul-rel,0.0,0.0463118310180884
paradoxus,phe,weight,165.2,0.0463118310180884
paradoxus,phe,glu-abs,1.838066667,0.0463118310180884
paradoxus,phe,sul-abs,0.0,0.0463118310180884
paradoxus,phe,amm-rel,0.133903333,0.0463118310180884
paradoxus,phe,glu-rel,0.246117333,0.0463118310180884
paradoxus,phe,amm-abs,1.0,0.0463118310180884
paradoxus,gly,akashi,11.7,0.0499001907541351
paradoxus,gly,sul-rel,0.0,0.0499001907541351
paradoxus,gly,weight,75.1,0.0499001907541351
paradoxus,gly,glu-abs,0.307143667,0.0499001907541351
paradoxus,gly,sul-abs,0.0,0.0499001907541351
paradoxus,gly,amm-rel,0.2904,0.0499001907541351
paradoxus,gly,glu-rel,0.089194333,0.0499001907541351
paradoxus,gly,amm-abs,1.0,0.0499001907541351
paradoxus,arg,akashi,27.3,0.0451205978667585
paradoxus,arg,sul-rel,0.0,0.0451205978667585
paradoxus,arg,weight,174.2,0.0451205978667585
paradoxus,arg,glu-abs,1.392533333,0.0451205978667585
paradoxus,arg,sul-abs,0.0,0.0451205978667585
paradoxus,arg,amm-rel,0.6428,0.0451205978667585
paradoxus,arg,glu-rel,0.223780333,0.0451205978667585
paradoxus,arg,amm-abs,4.0,0.0451205978667585
paradoxus,his,akashi,38.3,0.0215847083030042
paradoxus,his,sul-rel,0.0,0.0215847083030042
paradoxus,his,weight,155.2,0.0215847083030042
paradoxus,his,glu-abs,1.46183,0.0215847083030042
paradoxus,his,sul-abs,0.0,0.0215847083030042
paradoxus,his,amm-rel,0.198888667,0.0215847083030042
paradoxus,his,glu-rel,0.096919333,0.0215847083030042
paradoxus,his,amm-abs,3.0,0.0215847083030042
paradoxus,ser,akashi,11.7,0.0908146514177004
paradoxus,ser,sul-rel,0.0,0.0908146514177004
paradoxus,ser,weight,105.1,0.0908146514177004
paradoxus,ser,glu-abs,0.492863333,0.0908146514177004
paradoxus,ser,sul-abs,0.0,0.0908146514177004
paradoxus,ser,amm-rel,0.185400667,0.0908146514177004
paradoxus,ser,glu-rel,0.091376667,0.0908146514177004
paradoxus,ser,amm-abs,1.0,0.0908146514177004
paradoxus,ile,akashi,32.3,0.065779321842627
paradoxus,ile,sul-rel,0.0,0.065779321842627
paradoxus,ile,weight,131.2,0.065779321842627
paradoxus,ile,glu-abs,1.207136667,0.065779321842627
paradoxus,ile,sul-abs,0.0,0.065779321842627
paradoxus,ile,amm-rel,0.192701667,0.065779321842627
paradoxus,ile,glu-rel,0.232615,0.065779321842627
paradoxus,ile,amm-abs,1.0,0.065779321842627
paradoxus,thr,akashi,18.7,0.058232004077604
paradoxus,thr,sul-rel,0.0,0.058232004077604
paradoxus,thr,weight,119.1,0.058232004077604
paradoxus,thr,glu-abs,0.685786667,0.058232004077604
paradoxus,thr,sul-abs,0.0,0.058232004077604
paradoxus,thr,amm-rel,0.191402,0.058232004077604
paradoxus,thr,glu-rel,0.13126,0.058232004077604
paradoxus,thr,amm-abs,1.0,0.058232004077604
